court_abbreviation,county_name,state
almd,Autauga,Alabama
almd,Barbour,Alabama
almd,Bullock,Alabama
almd,Butler,Alabama
almd,Chambers,Alabama
almd,Chilton,Alabama
almd,Coffee,Alabama
almd,Coosa,Alabama
almd,Covington,Alabama
almd,Crenshaw,Alabama
almd,Dale,Alabama
almd,Elmore,Alabama
almd,Geneva,Alabama
almd,Henry,Alabama
almd,Houston,Alabama
almd,Lee,Alabama
almd,Lowndes,Alabama
almd,Macon,Alabama
almd,Montgomery,Alabama
almd,Pike,Alabama
almd,Randolph,Alabama
almd,Russell,Alabama
almd,Tallapoosa,Alabama
alnd,Bibb,Alabama
alnd,Blount,Alabama
alnd,Calhoun,Alabama
alnd,Cherokee,Alabama
alnd,Clay,Alabama
alnd,Cleburne,Alabama
alnd,Colbert,Alabama
alnd,Cullman,Alabama
alnd,DeKalb,Alabama
alnd,Etowah,Alabama
alnd,Fayette,Alabama
alnd,Franklin,Alabama
alnd,Greene,Alabama
alnd,Jackson,Alabama
alnd,Jefferson,Alabama
alnd,Lamar,Alabama
alnd,Lauderdale,Alabama
alnd,Lawrence,Alabama
alnd,Limestone,Alabama
alnd,Madison,Alabama
alnd,Marion,Alabama
alnd,Marshall,Alabama
alnd,Morgan,Alabama
alnd,Pickens,Alabama
alnd,Shelby,Alabama
alnd,St. Clair,Alabama
alnd,Sumter,Alabama
alnd,Talladega,Alabama
alnd,Tuscaloosa,Alabama
alnd,Walker,Alabama
alnd,Winston,Alabama
alsd,Baldwin,Alabama
alsd,Choctaw,Alabama
alsd,Clarke,Alabama
alsd,Conecuh,Alabama
alsd,Dallas,Alabama
alsd,Escambia,Alabama
alsd,Hale,Alabama
alsd,Marengo,Alabama
alsd,Mobile,Alabama
alsd,Monroe,Alabama
alsd,Perry,Alabama
alsd,Washington,Alabama
alsd,Wilcox,Alabama
akd,Aleutians East,Alaska
akd,Anchorage,Alaska
akd,Bristol Bay,Alaska
akd,Denali,Alaska
akd,Fairbanks North Star,Alaska
akd,Haines,Alaska
akd,Juneau,Alaska
akd,Kenai Peninsula,Alaska
akd,Ketchikan Gateway,Alaska
akd,Kodiak Island,Alaska
akd,Lake and Peninsula,Alaska
akd,Matanuska Susitna,Alaska
akd,Nome,Alaska
akd,North Slope,Alaska
akd,Northwest Arctic,Alaska
akd,Sitka,Alaska
akd,Southeast Fairbanks,Alaska
azd,Apache,Arizona
azd,Cochise,Arizona
azd,Coconino,Arizona
azd,Gila,Arizona
azd,Graham,Arizona
azd,Greenlee,Arizona
azd,La Paz,Arizona
azd,Maricopa,Arizona
azd,Mohave,Arizona
azd,Navajo,Arizona
azd,Pima,Arizona
azd,Pinal,Arizona
azd,Santa Cruz,Arizona
azd,Yavapai,Arizona
azd,Yuma,Arizona
arwd,Ashley,Arkansas
arwd,Baxter,Arkansas
arwd,Benton,Arkansas
arwd,Boone,Arkansas
arwd,Bradley,Arkansas
arwd,Calhoun,Arkansas
arwd,Carroll,Arkansas
arwd,Clark,Arkansas
arwd,Columbia,Arkansas
arwd,Crawford,Arkansas
arwd,Franklin,Arkansas
arwd,Garland,Arkansas
arwd,Hempstead,Arkansas
arwd,Hot Spring,Arkansas
arwd,Howard,Arkansas
arwd,Johnson,Arkansas
arwd,Lafayette,Arkansas
arwd,Little River,Arkansas
arwd,Logan,Arkansas
arwd,Madison,Arkansas
arwd,Marion,Arkansas
arwd,Miller,Arkansas
arwd,Montgomery,Arkansas
arwd,Nevada,Arkansas
arwd,Newton,Arkansas
arwd,Ouachita,Arkansas
arwd,Pike,Arkansas
arwd,Polk,Arkansas
arwd,Scott,Arkansas
arwd,Searcy,Arkansas
arwd,Sebastian,Arkansas
arwd,Sevier,Arkansas
arwd,Union,Arkansas
arwd,Washington,Arkansas
cacd,Los Angeles,California
cacd,Orange,California
cacd,Riverside,California
cacd,San Bernardino,California
cacd,San Luis Obispo,California
cacd,Santa Barbara,California
cacd,Ventura,California
caed,Alpine,California
caed,Amador,California
caed,Butte,California
caed,Calaveras,California
caed,Colusa,California
caed,El Dorado,California
caed,Fresno,California
caed,Glenn,California
caed,Inyo,California
caed,Kern,California
caed,Kings,California
caed,Lassen,California
caed,Madera,California
caed,Mariposa,California
caed,Merced,California
caed,Modoc,California
caed,Mono,California
caed,Nevada,California
caed,Placer,California
caed,Plumas,California
caed,Sacramento,California
caed,San Joaquin,California
caed,Shasta,California
caed,Sierra,California
caed,Siskiyou,California
caed,Solano,California
caed,Stanislaus,California
caed,Sutter,California
caed,Tehama,California
caed,Trinity,California
caed,Tulare,California
caed,Tuolumne,California
caed,Yolo,California
caed,Yuba,California
cand,Alameda,California
cand,Contra Costa,California
cand,Del Norte,California
cand,Humboldt,California
cand,Lake,California
cand,Marin,California
cand,Mendocino,California
cand,Monterey,California
cand,Napa,California
cand,San Benito,California
cand,San Francisco,California
cand,San Mateo,California
cand,Santa Clara,California
cand,Santa Cruz,California
cand,Sonoma,California
casd,Imperial,California
casd,San Diego,California
cod,Adams,Colorado
cod,Alamosa,Colorado
cod,Arapahoe,Colorado
cod,Archuleta,Colorado
cod,Baca,Colorado
cod,Bent,Colorado
cod,Boulder,Colorado
cod,Broomfield,Colorado
cod,Chaffee,Colorado
cod,Cheyenne,Colorado
cod,Clear Creek,Colorado
cod,Conejos,Colorado
cod,Costilla,Colorado
cod,Crowley,Colorado
cod,Custer,Colorado
cod,Delta,Colorado
cod,Denver,Colorado
cod,Dolores,Colorado
cod,Douglas,Colorado
cod,Eagle,Colorado
cod,El Paso,Colorado
cod,Elbert,Colorado
cod,Fremont,Colorado
cod,Garfield,Colorado
cod,Gilpin,Colorado
cod,Grand,Colorado
cod,Gunnison,Colorado
cod,Hinsdale,Colorado
cod,Huerfano,Colorado
cod,Jackson,Colorado
cod,Jefferson,Colorado
cod,Kiowa,Colorado
cod,Kit Carson,Colorado
cod,La Plata,Colorado
cod,Lake,Colorado
cod,Larimer,Colorado
cod,Las Animas,Colorado
cod,Lincoln,Colorado
cod,Logan,Colorado
cod,Mesa,Colorado
cod,Mineral,Colorado
cod,Moffat,Colorado
cod,Montezuma,Colorado
cod,Montrose,Colorado
cod,Morgan,Colorado
cod,Otero,Colorado
cod,Ouray,Colorado
cod,Park,Colorado
cod,Phillips,Colorado
cod,Pitkin,Colorado
cod,Prowers,Colorado
cod,Pueblo,Colorado
cod,Rio Blanco,Colorado
cod,Rio Grande,Colorado
cod,Routt,Colorado
cod,Saguache,Colorado
cod,San Juan,Colorado
cod,San Miguel,Colorado
cod,Sedgwick,Colorado
cod,Summit,Colorado
cod,Teller,Colorado
cod,Washington,Colorado
cod,Weld,Colorado
cod,Yuma,Colorado
ctd,Fairfield,Connecticut
ctd,Hartford,Connecticut
ctd,Litchfield,Connecticut
ctd,Middlesex,Connecticut
ctd,New Haven,Connecticut
ctd,New London,Connecticut
ctd,Tolland,Connecticut
ctd,Windham,Connecticut
ded,Kent,Delaware
ded,New Castle,Delaware
ded,Sussex,Delaware
dcd,District of Columbia,District of Columbia
flmd,Baker,Florida
flmd,Bradford,Florida
flmd,Brevard,Florida
flmd,Charlotte,Florida
flmd,Citrus,Florida
flmd,Clay,Florida
flmd,Collier,Florida
flmd,Columbia,Florida
flmd,DeSoto,Florida
flmd,Duval,Florida
flmd,Flagler,Florida
flmd,Glades,Florida
flmd,Hamilton,Florida
flmd,Hardee,Florida
flmd,Hendry,Florida
flmd,Hernando,Florida
flmd,Hillsborough,Florida
flmd,Lake,Florida
flmd,Lee,Florida
flmd,Manatee,Florida
flmd,Marion,Florida
flmd,Nassau,Florida
flmd,Orange,Florida
flmd,Osceola,Florida
flmd,Pasco,Florida
flmd,Pinellas,Florida
flmd,Polk,Florida
flmd,Putnam,Florida
flmd,Sarasota,Florida
flmd,Seminole,Florida
flmd,St. Johns,Florida
flmd,Sumter,Florida
flmd,Suwannee,Florida
flmd,Union,Florida
flmd,Volusia,Florida
flnd,Alachua,Florida
flnd,Bay,Florida
flnd,Calhoun,Florida
flnd,Dixie,Florida
flnd,Escambia,Florida
flnd,Franklin,Florida
flnd,Gadsden,Florida
flnd,Gilchrist,Florida
flnd,Gulf,Florida
flnd,Holmes,Florida
flnd,Jackson,Florida
flnd,Jefferson,Florida
flnd,Lafayette,Florida
flnd,Leon,Florida
flnd,Levy,Florida
flnd,Liberty,Florida
flnd,Madison,Florida
flnd,Okaloosa,Florida
flnd,Santa Rosa,Florida
flnd,Taylor,Florida
flnd,Wakulla,Florida
flnd,Walton,Florida
flnd,Washington,Florida
flsd,Broward,Florida
flsd,Highlands,Florida
flsd,Indian River,Florida
flsd,Martin,Florida
flsd,Miami Dade,Florida
flsd,Monroe,Florida
flsd,Okeechobee,Florida
flsd,Palm Beach,Florida
flsd,St. Lucie,Florida
gamd,Baker,Georgia
gamd,Baldwin,Georgia
gamd,Ben Hill,Georgia
gamd,Berrien,Georgia
gamd,Bibb,Georgia
gamd,Bleckley,Georgia
gamd,Brooks,Georgia
gamd,Butts,Georgia
gamd,Calhoun,Georgia
gamd,Chattahoochee,Georgia
gamd,Clarke,Georgia
gamd,Clay,Georgia
gamd,Clinch,Georgia
gamd,Colquitt,Georgia
gamd,Cook,Georgia
gamd,Crawford,Georgia
gamd,Crisp,Georgia
gamd,Decatur,Georgia
gamd,Dooly,Georgia
gamd,Dougherty,Georgia
gamd,Early,Georgia
gamd,Echols,Georgia
gamd,Elbert,Georgia
gamd,Franklin,Georgia
gamd,Grady,Georgia
gamd,Greene,Georgia
gamd,Hancock,Georgia
gamd,Harris,Georgia
gamd,Hart,Georgia
gamd,Houston,Georgia
gamd,Irwin,Georgia
gamd,Jasper,Georgia
gamd,Jones,Georgia
gamd,Lamar,Georgia
gamd,Lanier,Georgia
gamd,Lee,Georgia
gamd,Lowndes,Georgia
gamd,Macon,Georgia
gamd,Madison,Georgia
gamd,Marion,Georgia
gamd,Miller,Georgia
gamd,Mitchell,Georgia
gamd,Monroe,Georgia
gamd,Morgan,Georgia
gamd,Muscogee,Georgia
gamd,Oconee,Georgia
gamd,Oglethorpe,Georgia
gamd,Peach,Georgia
gamd,Pulaski,Georgia
gamd,Putnam,Georgia
gamd,Quitman,Georgia
gamd,Randolph,Georgia
gamd,Schley,Georgia
gamd,Seminole,Georgia
gamd,Stewart,Georgia
gamd,Sumter,Georgia
gamd,Talbot,Georgia
gamd,Taylor,Georgia
gamd,Terrell,Georgia
gamd,Thomas,Georgia
gamd,Tift,Georgia
gamd,Turner,Georgia
gamd,Twiggs,Georgia
gamd,Upson,Georgia
gamd,Walton,Georgia
gamd,Washington,Georgia
gamd,Webster,Georgia
gamd,Wilcox,Georgia
gamd,Wilkinson,Georgia
gamd,Worth,Georgia
gand,Banks,Georgia
gand,Barrow,Georgia
gand,Bartow,Georgia
gand,Carroll,Georgia
gand,Catoosa,Georgia
gand,Chattooga,Georgia
gand,Cherokee,Georgia
gand,Clayton,Georgia
gand,Cobb,Georgia
gand,Coweta,Georgia
gand,Dade,Georgia
gand,Dawson,Georgia
gand,DeKalb,Georgia
gand,Douglas,Georgia
gand,Fannin,Georgia
gand,Fayette,Georgia
gand,Floyd,Georgia
gand,Forsyth,Georgia
gand,Fulton,Georgia
gand,Gilmer,Georgia
gand,Gordon,Georgia
gand,Gwinnett,Georgia
gand,Habersham,Georgia
gand,Hall,Georgia
gand,Haralson,Georgia
gand,Heard,Georgia
gand,Henry,Georgia
gand,Jackson,Georgia
gand,Lumpkin,Georgia
gand,Meriwether,Georgia
gand,Murray,Georgia
gand,Newton,Georgia
gand,Paulding,Georgia
gand,Pickens,Georgia
gand,Pike,Georgia
gand,Polk,Georgia
gand,Rabun,Georgia
gand,Rockdale,Georgia
gand,Spalding,Georgia
gand,Stephens,Georgia
gand,Towns,Georgia
gand,Troup,Georgia
gand,Union,Georgia
gand,Walker,Georgia
gand,White,Georgia
gand,Whitfield,Georgia
gasd,Appling,Georgia
gasd,Atkinson,Georgia
gasd,Bacon,Georgia
gasd,Brantley,Georgia
gasd,Bryan,Georgia
gasd,Bulloch,Georgia
gasd,Burke,Georgia
gasd,Camden,Georgia
gasd,Candler,Georgia
gasd,Charlton,Georgia
gasd,Chatham,Georgia
gasd,Coffee,Georgia
gasd,Columbia,Georgia
gasd,Dodge,Georgia
gasd,Effingham,Georgia
gasd,Emanuel,Georgia
gasd,Evans,Georgia
gasd,Glascock,Georgia
gasd,Glynn,Georgia
gasd,Jeff Davis,Georgia
gasd,Jefferson,Georgia
gasd,Jenkins,Georgia
gasd,Johnson,Georgia
gasd,Laurens,Georgia
gasd,Liberty,Georgia
gasd,Lincoln,Georgia
gasd,Long,Georgia
gasd,McDuffie,Georgia
gasd,McIntosh,Georgia
gasd,Montgomery,Georgia
gasd,Pierce,Georgia
gasd,Richmond,Georgia
gasd,Screven,Georgia
gasd,Taliaferro,Georgia
gasd,Tattnall,Georgia
gasd,Telfair,Georgia
gasd,Toombs,Georgia
gasd,Treutlen,Georgia
gasd,Ware,Georgia
gasd,Warren,Georgia
gasd,Wayne,Georgia
gasd,Wheeler,Georgia
gasd,Wilkes,Georgia
gud,Guam,Guam
hid,American Samoa,Hawaii
hid,Hawaii,Hawaii
hid,Honolulu,Hawaii
hid,Kalawao,Hawaii
hid,Kauai,Hawaii
hid,Maui,Hawaii
ilcd,Adams,Illinois
ilcd,Brown,Illinois
ilcd,Bureau,Illinois
ilcd,Cass,Illinois
ilcd,Champaign,Illinois
ilcd,Christian,Illinois
ilcd,Coles,Illinois
ilcd,De Witt,Illinois
ilcd,Douglas,Illinois
ilcd,Edgar,Illinois
ilcd,Ford,Illinois
ilcd,Fulton,Illinois
ilcd,Greene,Illinois
ilcd,Hancock,Illinois
ilcd,Henderson,Illinois
ilcd,Henry,Illinois
ilcd,Iroquois,Illinois
ilcd,Kankakee,Illinois
ilcd,Knox,Illinois
ilcd,Livingston,Illinois
ilcd,Logan,Illinois
ilcd,Macon,Illinois
ilcd,Macoupin,Illinois
ilcd,Marshall,Illinois
ilcd,Mason,Illinois
ilcd,McDonough,Illinois
ilcd,McLean,Illinois
ilcd,Menard,Illinois
ilcd,Mercer,Illinois
ilcd,Montgomery,Illinois
ilcd,Morgan,Illinois
ilcd,Moultrie,Illinois
ilcd,Peoria,Illinois
ilcd,Piatt,Illinois
ilcd,Pike,Illinois
ilcd,Putnam,Illinois
ilcd,Rock Island,Illinois
ilcd,Sangamon,Illinois
ilcd,Schuyler,Illinois
ilcd,Scott,Illinois
ilcd,Shelby,Illinois
ilcd,Stark,Illinois
ilcd,Tazewell,Illinois
ilcd,Vermilion,Illinois
ilcd,Warren,Illinois
ilcd,Woodford,Illinois
ilnd,Boone,Illinois
ilnd,Carroll,Illinois
ilnd,Cook,Illinois
ilnd,DeKalb,Illinois
ilnd,DuPage,Illinois
ilnd,Grundy,Illinois
ilnd,Jo Daviess,Illinois
ilnd,Kane,Illinois
ilnd,Kendall,Illinois
ilnd,La Salle,Illinois
ilnd,Lake,Illinois
ilnd,Lee,Illinois
ilnd,McHenry,Illinois
ilnd,Ogle,Illinois
ilnd,Stephenson,Illinois
ilnd,Whiteside,Illinois
ilnd,Will,Illinois
ilnd,Winnebago,Illinois
ilsd,Alexander,Illinois
ilsd,Bond,Illinois
ilsd,Calhoun,Illinois
ilsd,Clark,Illinois
ilsd,Clay,Illinois
ilsd,Clinton,Illinois
ilsd,Crawford,Illinois
ilsd,Cumberland,Illinois
ilsd,Edwards,Illinois
ilsd,Effingham,Illinois
ilsd,Fayette,Illinois
ilsd,Franklin,Illinois
ilsd,Gallatin,Illinois
ilsd,Hamilton,Illinois
ilsd,Hardin,Illinois
ilsd,Jackson,Illinois
ilsd,Jasper,Illinois
ilsd,Jefferson,Illinois
ilsd,Jersey,Illinois
ilsd,Johnson,Illinois
ilsd,Lawrence,Illinois
ilsd,Madison,Illinois
ilsd,Marion,Illinois
ilsd,Massac,Illinois
ilsd,Monroe,Illinois
ilsd,Perry,Illinois
ilsd,Pope,Illinois
ilsd,Pulaski,Illinois
ilsd,Randolph,Illinois
ilsd,Richland,Illinois
ilsd,Saline,Illinois
ilsd,St. Clair,Illinois
ilsd,Union,Illinois
ilsd,Wabash,Illinois
ilsd,Washington,Illinois
ilsd,Wayne,Illinois
ilsd,White,Illinois
ilsd,Williamson,Illinois
innd,Adams,Indiana
innd,Allen,Indiana
innd,Benton,Indiana
innd,Blackford,Indiana
innd,Carroll,Indiana
innd,Cass,Indiana
innd,De Kalb,Indiana
innd,Elkhart,Indiana
innd,Fulton,Indiana
innd,Grant,Indiana
innd,Huntington,Indiana
innd,Jasper,Indiana
innd,Jay,Indiana
innd,Kosciusko,Indiana
innd,La Porte,Indiana
innd,Lagrange,Indiana
innd,Lake,Indiana
innd,Marshall,Indiana
innd,Miami,Indiana
innd,Newton,Indiana
innd,Noble,Indiana
innd,Porter,Indiana
innd,Pulaski,Indiana
innd,St. Joseph,Indiana
innd,Starke,Indiana
innd,Steuben,Indiana
innd,Tippecanoe,Indiana
innd,Wabash,Indiana
innd,Warren,Indiana
innd,Wells,Indiana
innd,White,Indiana
innd,Whitley,Indiana
insd,Bartholomew,Indiana
insd,Boone,Indiana
insd,Brown,Indiana
insd,Clark,Indiana
insd,Clay,Indiana
insd,Clinton,Indiana
insd,Crawford,Indiana
insd,Daviess,Indiana
insd,Dearborn,Indiana
insd,Decatur,Indiana
insd,Delaware,Indiana
insd,Dubois,Indiana
insd,Fayette,Indiana
insd,Floyd,Indiana
insd,Fountain,Indiana
insd,Franklin,Indiana
insd,Gibson,Indiana
insd,Greene,Indiana
insd,Hamilton,Indiana
insd,Hancock,Indiana
insd,Harrison,Indiana
insd,Hendricks,Indiana
insd,Henry,Indiana
insd,Howard,Indiana
insd,Jackson,Indiana
insd,Jefferson,Indiana
insd,Jennings,Indiana
insd,Johnson,Indiana
insd,Knox,Indiana
insd,Lawrence,Indiana
insd,Madison,Indiana
insd,Marion,Indiana
insd,Martin,Indiana
insd,Monroe,Indiana
insd,Montgomery,Indiana
insd,Morgan,Indiana
insd,Ohio,Indiana
insd,Orange,Indiana
insd,Owen,Indiana
insd,Parke,Indiana
insd,Perry,Indiana
insd,Pike,Indiana
insd,Posey,Indiana
insd,Putnam,Indiana
insd,Randolph,Indiana
insd,Ripley,Indiana
insd,Rush,Indiana
insd,Scott,Indiana
insd,Shelby,Indiana
insd,Spencer,Indiana
insd,Sullivan,Indiana
insd,Switzerland,Indiana
insd,Tipton,Indiana
insd,Union,Indiana
insd,Vanderburgh,Indiana
insd,Vermillion,Indiana
insd,Vigo,Indiana
insd,Warrick,Indiana
insd,Washington,Indiana
insd,Wayne,Indiana
iand,Allamakee,Iowa
iand,Benton,Iowa
iand,Black Hawk,Iowa
iand,Bremer,Iowa
iand,Buchanan,Iowa
iand,Buena Vista,Iowa
iand,Butler,Iowa
iand,Calhoun,Iowa
iand,Carroll,Iowa
iand,Cedar,Iowa
iand,Cerro Gordo,Iowa
iand,Cherokee,Iowa
iand,Chickasaw,Iowa
iand,Clay,Iowa
iand,Clayton,Iowa
iand,Crawford,Iowa
iand,Delaware,Iowa
iand,Dickinson,Iowa
iand,Dubuque,Iowa
iand,Emmet,Iowa
iand,Fayette,Iowa
iand,Floyd,Iowa
iand,Franklin,Iowa
iand,Grundy,Iowa
iand,Hamilton,Iowa
iand,Hancock,Iowa
iand,Hardin,Iowa
iand,Howard,Iowa
iand,Humboldt,Iowa
iand,Ida,Iowa
iand,Iowa,Iowa
iand,Jackson,Iowa
iand,Jones,Iowa
iand,Kossuth,Iowa
iand,Linn,Iowa
iand,Lyon,Iowa
iand,Mitchell,Iowa
iand,Monona,Iowa
iand,O'Brien,Iowa
iand,Osceola,Iowa
iand,Palo Alto,Iowa
iand,Plymouth,Iowa
iand,Pocahontas,Iowa
iand,Sac,Iowa
iand,Sioux,Iowa
iand,Tama,Iowa
iand,Webster,Iowa
iand,Winnebago,Iowa
iand,Winneshiek,Iowa
iand,Woodbury,Iowa
iand,Worth,Iowa
iand,Wright,Iowa
iasd,Adair,Iowa
iasd,Adams,Iowa
iasd,Appanoose,Iowa
iasd,Audubon,Iowa
iasd,Boone,Iowa
iasd,Cass,Iowa
iasd,Clarke,Iowa
iasd,Clinton,Iowa
iasd,Dallas,Iowa
iasd,Davis,Iowa
iasd,Decatur,Iowa
iasd,Des Moines,Iowa
iasd,Fremont,Iowa
iasd,Greene,Iowa
iasd,Guthrie,Iowa
iasd,Harrison,Iowa
iasd,Henry,Iowa
iasd,Jasper,Iowa
iasd,Jefferson,Iowa
iasd,Johnson,Iowa
iasd,Keokuk,Iowa
iasd,Lee,Iowa
iasd,Louisa,Iowa
iasd,Lucas,Iowa
iasd,Madison,Iowa
iasd,Mahaska,Iowa
iasd,Marion,Iowa
iasd,Marshall,Iowa
iasd,Mills,Iowa
iasd,Monroe,Iowa
iasd,Montgomery,Iowa
iasd,Muscatine,Iowa
iasd,Page,Iowa
iasd,Polk,Iowa
iasd,Pottawattamie,Iowa
iasd,Poweshiek,Iowa
iasd,Ringgold,Iowa
iasd,Scott,Iowa
iasd,Shelby,Iowa
iasd,Story,Iowa
iasd,Taylor,Iowa
iasd,Union,Iowa
iasd,Van Buren,Iowa
iasd,Wapello,Iowa
iasd,Warren,Iowa
iasd,Washington,Iowa
iasd,Wayne,Iowa
ksd,Allen,Kansas
ksd,Anderson,Kansas
ksd,Atchison,Kansas
ksd,Barber,Kansas
ksd,Barton,Kansas
ksd,Bourbon,Kansas
ksd,Brown,Kansas
ksd,Butler,Kansas
ksd,Chase,Kansas
ksd,Chautauqua,Kansas
ksd,Cherokee,Kansas
ksd,Cheyenne,Kansas
ksd,Clark,Kansas
ksd,Clay,Kansas
ksd,Cloud,Kansas
ksd,Coffey,Kansas
ksd,Comanche,Kansas
ksd,Cowley,Kansas
ksd,Crawford,Kansas
ksd,Decatur,Kansas
ksd,Dickinson,Kansas
ksd,Doniphan,Kansas
ksd,Douglas,Kansas
ksd,Edwards,Kansas
ksd,Elk,Kansas
ksd,Ellis,Kansas
ksd,Ellsworth,Kansas
ksd,Finney,Kansas
ksd,Ford,Kansas
ksd,Franklin,Kansas
ksd,Geary,Kansas
ksd,Gove,Kansas
ksd,Graham,Kansas
ksd,Grant,Kansas
ksd,Gray,Kansas
ksd,Greeley,Kansas
ksd,Greenwood,Kansas
ksd,Hamilton,Kansas
ksd,Harper,Kansas
ksd,Harvey,Kansas
ksd,Haskell,Kansas
ksd,Hodgeman,Kansas
ksd,Jackson,Kansas
ksd,Jefferson,Kansas
ksd,Jewell,Kansas
ksd,Johnson,Kansas
ksd,Kearny,Kansas
ksd,Kingman,Kansas
ksd,Kiowa,Kansas
ksd,Labette,Kansas
ksd,Lane,Kansas
ksd,Leavenworth,Kansas
ksd,Lincoln,Kansas
ksd,Linn,Kansas
ksd,Logan,Kansas
ksd,Lyon,Kansas
ksd,Marion,Kansas
ksd,Marshall,Kansas
ksd,McPherson,Kansas
ksd,Meade,Kansas
ksd,Miami,Kansas
ksd,Mitchell,Kansas
ksd,Montgomery,Kansas
ksd,Morris,Kansas
ksd,Morton,Kansas
ksd,Nemaha,Kansas
ksd,Neosho,Kansas
ksd,Ness,Kansas
ksd,Norton,Kansas
ksd,Osage,Kansas
ksd,Osborne,Kansas
ksd,Ottawa,Kansas
ksd,Pawnee,Kansas
ksd,Phillips,Kansas
ksd,Pottawatomie,Kansas
ksd,Pratt,Kansas
ksd,Rawlins,Kansas
ksd,Reno,Kansas
ksd,Republic,Kansas
ksd,Rice,Kansas
ksd,Riley,Kansas
ksd,Rooks,Kansas
ksd,Rush,Kansas
ksd,Russell,Kansas
ksd,Saline,Kansas
ksd,Scott,Kansas
ksd,Sedgwick,Kansas
ksd,Seward,Kansas
ksd,Shawnee,Kansas
ksd,Sheridan,Kansas
ksd,Sherman,Kansas
ksd,Smith,Kansas
ksd,Stafford,Kansas
ksd,Stanton,Kansas
ksd,Stevens,Kansas
ksd,Sumner,Kansas
ksd,Thomas,Kansas
ksd,Trego,Kansas
ksd,Wabaunsee,Kansas
ksd,Wallace,Kansas
ksd,Washington,Kansas
ksd,Wichita,Kansas
ksd,Wilson,Kansas
ksd,Woodson,Kansas
ksd,Wyandotte,Kansas
kyed,Anderson,Kentucky
kyed,Bath,Kentucky
kyed,Bell,Kentucky
kyed,Boone,Kentucky
kyed,Bourbon,Kentucky
kyed,Boyd,Kentucky
kyed,Boyle,Kentucky
kyed,Bracken,Kentucky
kyed,Breathitt,Kentucky
kyed,Campbell,Kentucky
kyed,Carroll,Kentucky
kyed,Carter,Kentucky
kyed,Clark,Kentucky
kyed,Clay,Kentucky
kyed,Elliott,Kentucky
kyed,Estill,Kentucky
kyed,Fayette,Kentucky
kyed,Fleming,Kentucky
kyed,Floyd,Kentucky
kyed,Franklin,Kentucky
kyed,Gallatin,Kentucky
kyed,Garrard,Kentucky
kyed,Grant,Kentucky
kyed,Greenup,Kentucky
kyed,Harlan,Kentucky
kyed,Harrison,Kentucky
kyed,Henry,Kentucky
kyed,Jackson,Kentucky
kyed,Jessamine,Kentucky
kyed,Johnson,Kentucky
kyed,Kenton,Kentucky
kyed,Knott,Kentucky
kyed,Knox,Kentucky
kyed,Laurel,Kentucky
kyed,Lawrence,Kentucky
kyed,Lee,Kentucky
kyed,Leslie,Kentucky
kyed,Letcher,Kentucky
kyed,Lewis,Kentucky
kyed,Lincoln,Kentucky
kyed,Madison,Kentucky
kyed,Magoffin,Kentucky
kyed,Martin,Kentucky
kyed,Mason,Kentucky
kyed,McCreary,Kentucky
kyed,Menifee,Kentucky
kyed,Mercer,Kentucky
kyed,Montgomery,Kentucky
kyed,Morgan,Kentucky
kyed,Nicholas,Kentucky
kyed,Owen,Kentucky
kyed,Owsley,Kentucky
kyed,Pendleton,Kentucky
kyed,Perry,Kentucky
kyed,Pike,Kentucky
kyed,Powell,Kentucky
kyed,Pulaski,Kentucky
kyed,Robertson,Kentucky
kyed,Rockcastle,Kentucky
kyed,Rowan,Kentucky
kyed,Scott,Kentucky
kyed,Shelby,Kentucky
kyed,Trimble,Kentucky
kyed,Wayne,Kentucky
kyed,Whitley,Kentucky
kyed,Wolfe,Kentucky
kyed,Woodford,Kentucky
kywd,Adair,Kentucky
kywd,Allen,Kentucky
kywd,Ballard,Kentucky
kywd,Barren,Kentucky
kywd,Breckinridge,Kentucky
kywd,Bullitt,Kentucky
kywd,Butler,Kentucky
kywd,Caldwell,Kentucky
kywd,Calloway,Kentucky
kywd,Carlisle,Kentucky
kywd,Casey,Kentucky
kywd,Christian,Kentucky
kywd,Clinton,Kentucky
kywd,Crittenden,Kentucky
kywd,Cumberland,Kentucky
kywd,Daviess,Kentucky
kywd,Edmonson,Kentucky
kywd,Fulton,Kentucky
kywd,Graves,Kentucky
kywd,Grayson,Kentucky
kywd,Green,Kentucky
kywd,Hancock,Kentucky
kywd,Hardin,Kentucky
kywd,Hart,Kentucky
kywd,Henderson,Kentucky
kywd,Hickman,Kentucky
kywd,Hopkins,Kentucky
kywd,Jefferson,Kentucky
kywd,Larue,Kentucky
kywd,Livingston,Kentucky
kywd,Logan,Kentucky
kywd,Lyon,Kentucky
kywd,Marion,Kentucky
kywd,Marshall,Kentucky
kywd,McCracken,Kentucky
kywd,McLean,Kentucky
kywd,Meade,Kentucky
kywd,Metcalfe,Kentucky
kywd,Monroe,Kentucky
kywd,Muhlenberg,Kentucky
kywd,Nelson,Kentucky
kywd,Ohio,Kentucky
kywd,Oldham,Kentucky
kywd,Russell,Kentucky
kywd,Simpson,Kentucky
kywd,Spencer,Kentucky
kywd,Taylor,Kentucky
kywd,Todd,Kentucky
kywd,Trigg,Kentucky
kywd,Union,Kentucky
kywd,Warren,Kentucky
kywd,Washington,Kentucky
kywd,Webster,Kentucky
laed,Assumption,Louisiana
laed,Jefferson,Louisiana
laed,Lafourche,Louisiana
laed,Orleans,Louisiana
laed,Plaquemines,Louisiana
laed,St. Bernard,Louisiana
laed,St. Charles,Louisiana
laed,St. James,Louisiana
laed,St. John the Baptist,Louisiana
laed,St. Tammany,Louisiana
laed,Tangipahoa,Louisiana
laed,Terrebonne,Louisiana
laed,Washington,Louisiana
lamd,Ascension,Louisiana
lamd,East Baton Rouge,Louisiana
lamd,East Feliciana,Louisiana
lamd,Iberville,Louisiana
lamd,Livingston,Louisiana
lamd,Pointe Coupee,Louisiana
lamd,St. Helena,Louisiana
lamd,West Baton Rouge,Louisiana
lamd,West Feliciana,Louisiana
lawd,Acadia,Louisiana
lawd,Allen,Louisiana
lawd,Avoyelles,Louisiana
lawd,Beauregard,Louisiana
lawd,Bienville,Louisiana
lawd,Bossier,Louisiana
lawd,Caddo,Louisiana
lawd,Calcasieu,Louisiana
lawd,Caldwell,Louisiana
lawd,Cameron,Louisiana
lawd,Catahoula,Louisiana
lawd,Claiborne,Louisiana
lawd,Concordia,Louisiana
lawd,De Soto,Louisiana
lawd,East Carroll,Louisiana
lawd,Evangeline,Louisiana
lawd,Franklin,Louisiana
lawd,Grant,Louisiana
lawd,Iberia,Louisiana
lawd,Jackson,Louisiana
lawd,Jefferson Davis,Louisiana
lawd,La Salle,Louisiana
lawd,Lafayette,Louisiana
lawd,Lincoln,Louisiana
lawd,Madison,Louisiana
lawd,Morehouse,Louisiana
lawd,Natchitoches,Louisiana
lawd,Ouachita,Louisiana
lawd,Rapides,Louisiana
lawd,Red River,Louisiana
lawd,Richland,Louisiana
lawd,Sabine,Louisiana
lawd,St. Landry,Louisiana
lawd,St. Martin,Louisiana
lawd,St. Mary,Louisiana
lawd,Tensas,Louisiana
lawd,Union,Louisiana
lawd,Vermilion,Louisiana
lawd,Vernon,Louisiana
lawd,Webster,Louisiana
lawd,West Carroll,Louisiana
lawd,Winn,Louisiana
med,Androscoggin,Maine
med,Aroostook,Maine
med,Cumberland,Maine
med,Franklin,Maine
med,Hancock,Maine
med,Kennebec,Maine
med,Knox,Maine
med,Lincoln,Maine
med,Oxford,Maine
med,Penobscot,Maine
med,Piscataquis,Maine
med,Sagadahoc,Maine
med,Somerset,Maine
med,Waldo,Maine
med,Washington,Maine
med,York,Maine
mdd,Allegany,Maryland
mdd,Anne Arundel,Maryland
mdd,Baltimore,Maryland
mdd,Baltimore City,Maryland
mdd,Calvert,Maryland
mdd,Caroline,Maryland
mdd,Carroll,Maryland
mdd,Cecil,Maryland
mdd,Charles,Maryland
mdd,Dorchester,Maryland
mdd,Frederick,Maryland
mdd,Garrett,Maryland
mdd,Harford,Maryland
mdd,Howard,Maryland
mdd,Kent,Maryland
mdd,Montgomery,Maryland
mdd,Prince George's,Maryland
mdd,Queen Anne's,Maryland
mdd,Somerset,Maryland
mdd,St. Mary's,Maryland
mdd,Talbot,Maryland
mdd,Washington,Maryland
mdd,Wicomico,Maryland
mdd,Worcester,Maryland
mad,Barnstable,Massachusetts
mad,Berkshire,Massachusetts
mad,Bristol,Massachusetts
mad,Dukes,Massachusetts
mad,Essex,Massachusetts
mad,Franklin,Massachusetts
mad,Hampden,Massachusetts
mad,Hampshire,Massachusetts
mad,Middlesex,Massachusetts
mad,Nantucket,Massachusetts
mad,Norfolk,Massachusetts
mad,Plymouth,Massachusetts
mad,Suffolk,Massachusetts
mad,Worcester,Massachusetts
mied,Alcona,Michigan
mied,Alpena,Michigan
mied,Arenac,Michigan
mied,Bay,Michigan
mied,Cheboygan,Michigan
mied,Clare,Michigan
mied,Crawford,Michigan
mied,Genesee,Michigan
mied,Gladwin,Michigan
mied,Gratiot,Michigan
mied,Huron,Michigan
mied,Iosco,Michigan
mied,Isabella,Michigan
mied,Jackson,Michigan
mied,Lapeer,Michigan
mied,Lenawee,Michigan
mied,Livingston,Michigan
mied,Macomb,Michigan
mied,Midland,Michigan
mied,Monroe,Michigan
mied,Montmorency,Michigan
mied,Oakland,Michigan
mied,Ogemaw,Michigan
mied,Oscoda,Michigan
mied,Otsego,Michigan
mied,Presque Isle,Michigan
mied,Roscommon,Michigan
mied,Saginaw,Michigan
mied,Sanilac,Michigan
mied,Shiawassee,Michigan
mied,St. Clair,Michigan
mied,Tuscola,Michigan
mied,Washtenaw,Michigan
mied,Wayne,Michigan
miwd,Alger,Michigan
miwd,Allegan,Michigan
miwd,Antrim,Michigan
miwd,Baraga,Michigan
miwd,Barry,Michigan
miwd,Benzie,Michigan
miwd,Berrien,Michigan
miwd,Branch,Michigan
miwd,Calhoun,Michigan
miwd,Cass,Michigan
miwd,Charlevoix,Michigan
miwd,Chippewa,Michigan
miwd,Clinton,Michigan
miwd,Delta,Michigan
miwd,Dickinson,Michigan
miwd,Eaton,Michigan
miwd,Emmet,Michigan
miwd,Gogebic,Michigan
miwd,Grand Traverse,Michigan
miwd,Hillsdale,Michigan
miwd,Houghton,Michigan
miwd,Ingham,Michigan
miwd,Ionia,Michigan
miwd,Iron,Michigan
miwd,Kalamazoo,Michigan
miwd,Kalkaska,Michigan
miwd,Kent,Michigan
miwd,Keweenaw,Michigan
miwd,Lake,Michigan
miwd,Leelanau,Michigan
miwd,Luce,Michigan
miwd,Mackinac,Michigan
miwd,Manistee,Michigan
miwd,Marquette,Michigan
miwd,Mason,Michigan
miwd,Mecosta,Michigan
miwd,Menominee,Michigan
miwd,Missaukee,Michigan
miwd,Montcalm,Michigan
miwd,Muskegon,Michigan
miwd,Newaygo,Michigan
miwd,Oceana,Michigan
miwd,Ontonagon,Michigan
miwd,Osceola,Michigan
miwd,Ottawa,Michigan
miwd,Schoolcraft,Michigan
miwd,St. Joseph,Michigan
miwd,Van Buren,Michigan
miwd,Wexford,Michigan
mnd,Aitkin,Minnesota
mnd,Anoka,Minnesota
mnd,Becker,Minnesota
mnd,Beltrami,Minnesota
mnd,Benton,Minnesota
mnd,Big Stone,Minnesota
mnd,Blue Earth,Minnesota
mnd,Brown,Minnesota
mnd,Carlton,Minnesota
mnd,Carver,Minnesota
mnd,Cass,Minnesota
mnd,Chippewa,Minnesota
mnd,Chisago,Minnesota
mnd,Clay,Minnesota
mnd,Clearwater,Minnesota
mnd,Cook,Minnesota
mnd,Cottonwood,Minnesota
mnd,Crow Wing,Minnesota
mnd,Dakota,Minnesota
mnd,Dodge,Minnesota
mnd,Douglas,Minnesota
mnd,Faribault,Minnesota
mnd,Fillmore,Minnesota
mnd,Freeborn,Minnesota
mnd,Goodhue,Minnesota
mnd,Grant,Minnesota
mnd,Hennepin,Minnesota
mnd,Houston,Minnesota
mnd,Hubbard,Minnesota
mnd,Isanti,Minnesota
mnd,Itasca,Minnesota
mnd,Jackson,Minnesota
mnd,Kanabec,Minnesota
mnd,Kandiyohi,Minnesota
mnd,Kittson,Minnesota
mnd,Koochiching,Minnesota
mnd,Lac qui Parle,Minnesota
mnd,Lake,Minnesota
mnd,Lake of the Woods,Minnesota
mnd,Le Sueur,Minnesota
mnd,Lincoln,Minnesota
mnd,Lyon,Minnesota
mnd,Mahnomen,Minnesota
mnd,Marshall,Minnesota
mnd,Martin,Minnesota
mnd,McLeod,Minnesota
mnd,Meeker,Minnesota
mnd,Mille Lacs,Minnesota
mnd,Morrison,Minnesota
mnd,Mower,Minnesota
mnd,Murray,Minnesota
mnd,Nicollet,Minnesota
mnd,Nobles,Minnesota
mnd,Norman,Minnesota
mnd,Olmsted,Minnesota
mnd,Otter Tail,Minnesota
mnd,Pennington,Minnesota
mnd,Pine,Minnesota
mnd,Pipestone,Minnesota
mnd,Polk,Minnesota
mnd,Pope,Minnesota
mnd,Ramsey,Minnesota
mnd,Red Lake,Minnesota
mnd,Redwood,Minnesota
mnd,Renville,Minnesota
mnd,Rice,Minnesota
mnd,Rock,Minnesota
mnd,Roseau,Minnesota
mnd,Scott,Minnesota
mnd,Sherburne,Minnesota
mnd,Sibley,Minnesota
mnd,St. Louis,Minnesota
mnd,Stearns,Minnesota
mnd,Steele,Minnesota
mnd,Stevens,Minnesota
mnd,Swift,Minnesota
mnd,Todd,Minnesota
mnd,Traverse,Minnesota
mnd,Wabasha,Minnesota
mnd,Wadena,Minnesota
mnd,Waseca,Minnesota
mnd,Washington,Minnesota
mnd,Watonwan,Minnesota
mnd,Wilkin,Minnesota
mnd,Winona,Minnesota
mnd,Wright,Minnesota
mnd,Yellow Medicine,Minnesota
msnd,Alcorn,Mississippi
msnd,Attala,Mississippi
msnd,Benton,Mississippi
msnd,Bolivar,Mississippi
msnd,Calhoun,Mississippi
msnd,Carroll,Mississippi
msnd,Chickasaw,Mississippi
msnd,Choctaw,Mississippi
msnd,Clay,Mississippi
msnd,Coahoma,Mississippi
msnd,DeSoto,Mississippi
msnd,Grenada,Mississippi
msnd,Humphreys,Mississippi
msnd,Itawamba,Mississippi
msnd,Lafayette,Mississippi
msnd,Lee,Mississippi
msnd,Leflore,Mississippi
msnd,Lowndes,Mississippi
msnd,Marshall,Mississippi
msnd,Monroe,Mississippi
msnd,Montgomery,Mississippi
msnd,Oktibbeha,Mississippi
msnd,Panola,Mississippi
msnd,Pontotoc,Mississippi
msnd,Prentiss,Mississippi
msnd,Quitman,Mississippi
msnd,Sunflower,Mississippi
msnd,Tallahatchie,Mississippi
msnd,Tate,Mississippi
msnd,Tippah,Mississippi
msnd,Tishomingo,Mississippi
msnd,Tunica,Mississippi
msnd,Union,Mississippi
msnd,Washington,Mississippi
msnd,Webster,Mississippi
msnd,Winston,Mississippi
msnd,Yalobusha,Mississippi
mssd,Adams,Mississippi
mssd,Amite,Mississippi
mssd,Claiborne,Mississippi
mssd,Clarke,Mississippi
mssd,Copiah,Mississippi
mssd,Covington,Mississippi
mssd,Forrest,Mississippi
mssd,Franklin,Mississippi
mssd,George,Mississippi
mssd,Greene,Mississippi
mssd,Hancock,Mississippi
mssd,Harrison,Mississippi
mssd,Hinds,Mississippi
mssd,Holmes,Mississippi
mssd,Issaquena,Mississippi
mssd,Jackson,Mississippi
mssd,Jasper,Mississippi
mssd,Jefferson,Mississippi
mssd,Jefferson Davis,Mississippi
mssd,Jones,Mississippi
mssd,Kemper,Mississippi
mssd,Lamar,Mississippi
mssd,Lauderdale,Mississippi
mssd,Lawrence,Mississippi
mssd,Leake,Mississippi
mssd,Lincoln,Mississippi
mssd,Madison,Mississippi
mssd,Marion,Mississippi
mssd,Neshoba,Mississippi
mssd,Newton,Mississippi
mssd,Noxubee,Mississippi
mssd,Pearl River,Mississippi
mssd,Perry,Mississippi
mssd,Pike,Mississippi
mssd,Rankin,Mississippi
mssd,Scott,Mississippi
mssd,Sharkey,Mississippi
mssd,Simpson,Mississippi
mssd,Smith,Mississippi
mssd,Stone,Mississippi
mssd,Walthall,Mississippi
mssd,Warren,Mississippi
mssd,Wayne,Mississippi
mssd,Wilkinson,Mississippi
mssd,Yazoo,Mississippi
moed,Adair,Missouri
moed,Audrain,Missouri
moed,Bollinger,Missouri
moed,Butler,Missouri
moed,Cape Girardeau,Missouri
moed,Carter,Missouri
moed,Chariton,Missouri
moed,Clark,Missouri
moed,Crawford,Missouri
moed,Dent,Missouri
moed,Dunklin,Missouri
moed,Franklin,Missouri
moed,Gasconade,Missouri
moed,Iron,Missouri
moed,Jefferson,Missouri
moed,Knox,Missouri
moed,Lewis,Missouri
moed,Lincoln,Missouri
moed,Linn,Missouri
moed,Macon,Missouri
moed,Madison,Missouri
moed,Maries,Missouri
moed,Marion,Missouri
moed,Mississippi,Missouri
moed,Monroe,Missouri
moed,Montgomery,Missouri
moed,New Madrid,Missouri
moed,Pemiscot,Missouri
moed,Perry,Missouri
moed,Phelps,Missouri
moed,Pike,Missouri
moed,Ralls,Missouri
moed,Randolph,Missouri
moed,Reynolds,Missouri
moed,Ripley,Missouri
moed,Schuyler,Missouri
moed,Scotland,Missouri
moed,Scott,Missouri
moed,Shannon,Missouri
moed,Shelby,Missouri
moed,St. Charles,Missouri
moed,St. Francois,Missouri
moed,St. Louis,Missouri
moed,St. Louis City,Missouri
moed,Ste. Genevieve,Missouri
moed,Stoddard,Missouri
moed,Warren,Missouri
moed,Washington,Missouri
moed,Wayne,Missouri
mtd,Beaverhead,Montana
mtd,Big Horn,Montana
mtd,Blaine,Montana
mtd,Broadwater,Montana
mtd,Carbon,Montana
mtd,Carter,Montana
mtd,Cascade,Montana
mtd,Chouteau,Montana
mtd,Custer,Montana
mtd,Daniels,Montana
mtd,Dawson,Montana
mtd,Deer Lodge,Montana
mtd,Fallon,Montana
mtd,Fergus,Montana
mtd,Flathead,Montana
mtd,Gallatin,Montana
mtd,Garfield,Montana
mtd,Glacier,Montana
mtd,Golden Valley,Montana
mtd,Granite,Montana
mtd,Hill,Montana
mtd,Jefferson,Montana
mtd,Judith Basin,Montana
mtd,Lake,Montana
mtd,Lewis and Clark,Montana
mtd,Liberty,Montana
mtd,Lincoln,Montana
mtd,Madison,Montana
mtd,McCone,Montana
mtd,Meagher,Montana
mtd,Mineral,Montana
mtd,Missoula,Montana
mtd,Musselshell,Montana
mtd,Park,Montana
mtd,Petroleum,Montana
mtd,Phillips,Montana
mtd,Pondera,Montana
mtd,Powder River,Montana
mtd,Powell,Montana
mtd,Prairie,Montana
mtd,Ravalli,Montana
mtd,Richland,Montana
mtd,Roosevelt,Montana
mtd,Rosebud,Montana
mtd,Sanders,Montana
mtd,Sheridan,Montana
mtd,Silver Bow,Montana
mtd,Stillwater,Montana
mtd,Sweet Grass,Montana
mtd,Teton,Montana
mtd,Toole,Montana
mtd,Treasure,Montana
mtd,Valley,Montana
mtd,Wheatland,Montana
mtd,Wibaux,Montana
mtd,Yellowstone,Montana
ned,Adams,Nebraska
ned,Antelope,Nebraska
ned,Arthur,Nebraska
ned,Banner,Nebraska
ned,Blaine,Nebraska
ned,Boone,Nebraska
ned,Box Butte,Nebraska
ned,Boyd,Nebraska
ned,Brown,Nebraska
ned,Buffalo,Nebraska
ned,Burt,Nebraska
ned,Butler,Nebraska
ned,Cass,Nebraska
ned,Cedar,Nebraska
ned,Chase,Nebraska
ned,Cherry,Nebraska
ned,Cheyenne,Nebraska
ned,Clay,Nebraska
ned,Colfax,Nebraska
ned,Cuming,Nebraska
ned,Custer,Nebraska
ned,Dakota,Nebraska
ned,Dawes,Nebraska
ned,Dawson,Nebraska
ned,Deuel,Nebraska
ned,Dixon,Nebraska
ned,Dodge,Nebraska
ned,Douglas,Nebraska
ned,Dundy,Nebraska
ned,Fillmore,Nebraska
ned,Franklin,Nebraska
ned,Frontier,Nebraska
ned,Furnas,Nebraska
ned,Gage,Nebraska
ned,Garden,Nebraska
ned,Garfield,Nebraska
ned,Gosper,Nebraska
ned,Grant,Nebraska
ned,Greeley,Nebraska
ned,Hall,Nebraska
ned,Hamilton,Nebraska
ned,Harlan,Nebraska
ned,Hayes,Nebraska
ned,Hitchcock,Nebraska
ned,Holt,Nebraska
ned,Hooker,Nebraska
ned,Howard,Nebraska
ned,Jefferson,Nebraska
ned,Johnson,Nebraska
ned,Kearney,Nebraska
ned,Keith,Nebraska
ned,Keya Paha,Nebraska
ned,Kimball,Nebraska
ned,Knox,Nebraska
ned,Lancaster,Nebraska
ned,Lincoln,Nebraska
ned,Logan,Nebraska
ned,Loup,Nebraska
ned,Madison,Nebraska
ned,McPherson,Nebraska
ned,Merrick,Nebraska
ned,Morrill,Nebraska
ned,Nance,Nebraska
ned,Nemaha,Nebraska
ned,Nuckolls,Nebraska
ned,Otoe,Nebraska
ned,Pawnee,Nebraska
ned,Perkins,Nebraska
ned,Phelps,Nebraska
ned,Pierce,Nebraska
ned,Platte,Nebraska
ned,Polk,Nebraska
ned,Red Willow,Nebraska
ned,Richardson,Nebraska
ned,Rock,Nebraska
ned,Saline,Nebraska
ned,Sarpy,Nebraska
ned,Saunders,Nebraska
ned,Scotts Bluff,Nebraska
ned,Seward,Nebraska
ned,Sheridan,Nebraska
ned,Sherman,Nebraska
ned,Sioux,Nebraska
ned,Stanton,Nebraska
ned,Thayer,Nebraska
ned,Thomas,Nebraska
ned,Thurston,Nebraska
ned,Valley,Nebraska
ned,Washington,Nebraska
ned,Wayne,Nebraska
ned,Webster,Nebraska
ned,Wheeler,Nebraska
ned,York,Nebraska
nvd,Carson City,Nevada
nvd,Churchill,Nevada
nvd,Clark,Nevada
nvd,Douglas,Nevada
nvd,Elko,Nevada
nvd,Esmeralda,Nevada
nvd,Eureka,Nevada
nvd,Humboldt,Nevada
nvd,Lander,Nevada
nvd,Lincoln,Nevada
nvd,Lyon,Nevada
nvd,Mineral,Nevada
nvd,Nye,Nevada
nvd,Pershing,Nevada
nvd,Storey,Nevada
nvd,Washoe,Nevada
nvd,White Pine,Nevada
nhd,Belknap,New Hampshire
nhd,Carroll,New Hampshire
nhd,Cheshire,New Hampshire
nhd,Coos,New Hampshire
nhd,Grafton,New Hampshire
nhd,Hillsborough,New Hampshire
nhd,Merrimack,New Hampshire
nhd,Rockingham,New Hampshire
nhd,Strafford,New Hampshire
nhd,Sullivan,New Hampshire
njd,Atlantic,New Jersey
njd,Bergen,New Jersey
njd,Burlington,New Jersey
njd,Camden,New Jersey
njd,Cape May,New Jersey
njd,Cumberland,New Jersey
njd,Essex,New Jersey
njd,Gloucester,New Jersey
njd,Hudson,New Jersey
njd,Hunterdon,New Jersey
njd,Mercer,New Jersey
njd,Middlesex,New Jersey
njd,Monmouth,New Jersey
njd,Morris,New Jersey
njd,Ocean,New Jersey
njd,Passaic,New Jersey
njd,Salem,New Jersey
njd,Somerset,New Jersey
njd,Sussex,New Jersey
njd,Union,New Jersey
njd,Warren,New Jersey
nmd,Bernalillo,New Mexico
nmd,Catron,New Mexico
nmd,Chaves,New Mexico
nmd,Cibola,New Mexico
nmd,Colfax,New Mexico
nmd,Curry,New Mexico
nmd,DeBaca,New Mexico
nmd,Dona Ana,New Mexico
nmd,Eddy,New Mexico
nmd,Grant,New Mexico
nmd,Guadalupe,New Mexico
nmd,Harding,New Mexico
nmd,Hidalgo,New Mexico
nmd,Lea,New Mexico
nmd,Lincoln,New Mexico
nmd,Los Alamos,New Mexico
nmd,Luna,New Mexico
nmd,McKinley,New Mexico
nmd,Mora,New Mexico
nmd,Otero,New Mexico
nmd,Quay,New Mexico
nmd,Rio Arriba,New Mexico
nmd,Roosevelt,New Mexico
nmd,San Juan,New Mexico
nmd,San Miguel,New Mexico
nmd,Sandoval,New Mexico
nmd,Santa Fe,New Mexico
nmd,Sierra,New Mexico
nmd,Socorro,New Mexico
nmd,Taos,New Mexico
nmd,Torrance,New Mexico
nmd,Union,New Mexico
nmd,Valencia,New Mexico
nyed,Kings,New York
nyed,Nassau,New York
nyed,Queens,New York
nyed,Richmond,New York
nyed,Suffolk,New York
nynd,Albany,New York
nynd,Broome,New York
nynd,Cayuga,New York
nynd,Chenango,New York
nynd,Clinton,New York
nynd,Columbia,New York
nynd,Cortland,New York
nynd,Delaware,New York
nynd,Essex,New York
nynd,Franklin,New York
nynd,Fulton,New York
nynd,Greene,New York
nynd,Hamilton,New York
nynd,Herkimer,New York
nynd,Jefferson,New York
nynd,Lewis,New York
nynd,Madison,New York
nynd,Montgomery,New York
nynd,Oneida,New York
nynd,Onondaga,New York
nynd,Oswego,New York
nynd,Otsego,New York
nynd,Rensselaer,New York
nynd,Saratoga,New York
nynd,Schenectady,New York
nynd,Schoharie,New York
nynd,St. Lawrence,New York
nynd,Tioga,New York
nynd,Tompkins,New York
nynd,Ulster,New York
nynd,Warren,New York
nynd,Washington,New York
nysd,Bronx,New York
nysd,Dutchess,New York
nysd,New York,New York
nysd,Orange,New York
nysd,Putnam,New York
nysd,Rockland,New York
nysd,Sullivan,New York
nysd,Westchester,New York
nywd,Allegany,New York
nywd,Cattaraugus,New York
nywd,Chautauqua,New York
nywd,Chemung,New York
nywd,Erie,New York
nywd,Genesee,New York
nywd,Livingston,New York
nywd,Monroe,New York
nywd,Niagara,New York
nywd,Ontario,New York
nywd,Orleans,New York
nywd,Schuyler,New York
nywd,Seneca,New York
nywd,Steuben,New York
nywd,Wayne,New York
nywd,Wyoming,New York
nywd,Yates,New York
nced,Beaufort,North Carolina
nced,Bertie,North Carolina
nced,Bladen,North Carolina
nced,Brunswick,North Carolina
nced,Camden,North Carolina
nced,Carteret,North Carolina
nced,Chowan,North Carolina
nced,Columbus,North Carolina
nced,Craven,North Carolina
nced,Cumberland,North Carolina
nced,Currituck,North Carolina
nced,Dare,North Carolina
nced,Duplin,North Carolina
nced,Edgecombe,North Carolina
nced,Franklin,North Carolina
nced,Gates,North Carolina
nced,Granville,North Carolina
nced,Greene,North Carolina
nced,Halifax,North Carolina
nced,Harnett,North Carolina
nced,Hertford,North Carolina
nced,Hyde,North Carolina
nced,Johnston,North Carolina
nced,Jones,North Carolina
nced,Lenoir,North Carolina
nced,Martin,North Carolina
nced,Nash,North Carolina
nced,New Hanover,North Carolina
nced,Northampton,North Carolina
nced,Onslow,North Carolina
nced,Pamlico,North Carolina
nced,Pasquotank,North Carolina
nced,Pender,North Carolina
nced,Perquimans,North Carolina
nced,Pitt,North Carolina
nced,Robeson,North Carolina
nced,Sampson,North Carolina
nced,Tyrrell,North Carolina
nced,Vance,North Carolina
nced,Wake,North Carolina
nced,Warren,North Carolina
nced,Washington,North Carolina
nced,Wayne,North Carolina
nced,Wilson,North Carolina
ncmd,Alamance,North Carolina
ncmd,Cabarrus,North Carolina
ncmd,Caswell,North Carolina
ncmd,Chatham,North Carolina
ncmd,Davidson,North Carolina
ncmd,Davie,North Carolina
ncmd,Durham,North Carolina
ncmd,Forsyth,North Carolina
ncmd,Guilford,North Carolina
ncmd,Hoke,North Carolina
ncmd,Lee,North Carolina
ncmd,Montgomery,North Carolina
ncmd,Moore,North Carolina
ncmd,Orange,North Carolina
ncmd,Person,North Carolina
ncmd,Randolph,North Carolina
ncmd,Richmond,North Carolina
ncmd,Rockingham,North Carolina
ncmd,Rowan,North Carolina
ncmd,Scotland,North Carolina
ncmd,Stanly,North Carolina
ncmd,Stokes,North Carolina
ncmd,Surry,North Carolina
ncmd,Yadkin,North Carolina
ncwd,Alexander,North Carolina
ncwd,Alleghany,North Carolina
ncwd,Anson,North Carolina
ncwd,Ashe,North Carolina
ncwd,Avery,North Carolina
ncwd,Buncombe,North Carolina
ncwd,Burke,North Carolina
ncwd,Caldwell,North Carolina
ncwd,Catawba,North Carolina
ncwd,Cherokee,North Carolina
ncwd,Clay,North Carolina
ncwd,Cleveland,North Carolina
ncwd,Gaston,North Carolina
ncwd,Graham,North Carolina
ncwd,Haywood,North Carolina
ncwd,Henderson,North Carolina
ncwd,Iredell,North Carolina
ncwd,Jackson,North Carolina
ncwd,Lincoln,North Carolina
ncwd,Macon,North Carolina
ncwd,Madison,North Carolina
ncwd,McDowell,North Carolina
ncwd,Mecklenburg,North Carolina
ncwd,Mitchell,North Carolina
ncwd,Polk,North Carolina
ncwd,Rutherford,North Carolina
ncwd,Swain,North Carolina
ncwd,Transylvania,North Carolina
ncwd,Union,North Carolina
ncwd,Watauga,North Carolina
ncwd,Wilkes,North Carolina
ncwd,Yancey,North Carolina
ndd,Adams,North Dakota
ndd,Barnes,North Dakota
ndd,Benson,North Dakota
ndd,Billings,North Dakota
ndd,Bottineau,North Dakota
ndd,Bowman,North Dakota
ndd,Burke,North Dakota
ndd,Burleigh,North Dakota
ndd,Cass,North Dakota
ndd,Cavalier,North Dakota
ndd,Dickey,North Dakota
ndd,Divide,North Dakota
ndd,Dunn,North Dakota
ndd,Eddy,North Dakota
ndd,Emmons,North Dakota
ndd,Foster,North Dakota
ndd,Golden Valley,North Dakota
ndd,Grand Forks,North Dakota
ndd,Grant,North Dakota
ndd,Griggs,North Dakota
ndd,Hettinger,North Dakota
ndd,Kidder,North Dakota
ndd,LaMoure,North Dakota
ndd,Logan,North Dakota
ndd,McHenry,North Dakota
ndd,McIntosh,North Dakota
ndd,McKenzie,North Dakota
ndd,McLean,North Dakota
ndd,Mercer,North Dakota
ndd,Morton,North Dakota
ndd,Mountrail,North Dakota
ndd,Nelson,North Dakota
ndd,Oliver,North Dakota
ndd,Pembina,North Dakota
ndd,Pierce,North Dakota
ndd,Ramsey,North Dakota
ndd,Ransom,North Dakota
ndd,Renville,North Dakota
ndd,Richland,North Dakota
ndd,Rolette,North Dakota
ndd,Sargent,North Dakota
ndd,Sheridan,North Dakota
ndd,Sioux,North Dakota
ndd,Slope,North Dakota
ndd,Stark,North Dakota
ndd,Steele,North Dakota
ndd,Stutsman,North Dakota
ndd,Towner,North Dakota
ndd,Traill,North Dakota
ndd,Walsh,North Dakota
ndd,Ward,North Dakota
ndd,Wells,North Dakota
ndd,Williams,North Dakota
ohnd,Allen,Ohio
ohnd,Ashland,Ohio
ohnd,Ashtabula,Ohio
ohnd,Auglaize,Ohio
ohnd,Carroll,Ohio
ohnd,Columbiana,Ohio
ohnd,Crawford,Ohio
ohnd,Cuyahoga,Ohio
ohnd,Defiance,Ohio
ohnd,Erie,Ohio
ohnd,Fulton,Ohio
ohnd,Geauga,Ohio
ohnd,Hancock,Ohio
ohnd,Hardin,Ohio
ohnd,Henry,Ohio
ohnd,Holmes,Ohio
ohnd,Huron,Ohio
ohnd,Lake,Ohio
ohnd,Lorain,Ohio
ohnd,Lucas,Ohio
ohnd,Mahoning,Ohio
ohnd,Marion,Ohio
ohnd,Medina,Ohio
ohnd,Mercer,Ohio
ohnd,Ottawa,Ohio
ohnd,Paulding,Ohio
ohnd,Portage,Ohio
ohnd,Putnam,Ohio
ohnd,Richland,Ohio
ohnd,Sandusky,Ohio
ohnd,Seneca,Ohio
ohnd,Stark,Ohio
ohnd,Summit,Ohio
ohnd,Trumbull,Ohio
ohnd,Tuscarawas,Ohio
ohnd,Van Wert,Ohio
ohnd,Wayne,Ohio
ohnd,Williams,Ohio
ohnd,Wood,Ohio
ohnd,Wyandot,Ohio
ohsd,Adams,Ohio
ohsd,Athens,Ohio
ohsd,Belmont,Ohio
ohsd,Brown,Ohio
ohsd,Butler,Ohio
ohsd,Champaign,Ohio
ohsd,Clark,Ohio
ohsd,Clermont,Ohio
ohsd,Clinton,Ohio
ohsd,Coshocton,Ohio
ohsd,Darke,Ohio
ohsd,Delaware,Ohio
ohsd,Fairfield,Ohio
ohsd,Fayette,Ohio
ohsd,Franklin,Ohio
ohsd,Gallia,Ohio
ohsd,Greene,Ohio
ohsd,Guernsey,Ohio
ohsd,Hamilton,Ohio
ohsd,Harrison,Ohio
ohsd,Highland,Ohio
ohsd,Hocking,Ohio
ohsd,Jackson,Ohio
ohsd,Jefferson,Ohio
ohsd,Knox,Ohio
ohsd,Lawrence,Ohio
ohsd,Licking,Ohio
ohsd,Logan,Ohio
ohsd,Madison,Ohio
ohsd,Meigs,Ohio
ohsd,Miami,Ohio
ohsd,Monroe,Ohio
ohsd,Montgomery,Ohio
ohsd,Morgan,Ohio
ohsd,Morrow,Ohio
ohsd,Muskingum,Ohio
ohsd,Noble,Ohio
ohsd,Perry,Ohio
ohsd,Pickaway,Ohio
ohsd,Pike,Ohio
ohsd,Preble,Ohio
ohsd,Ross,Ohio
ohsd,Scioto,Ohio
ohsd,Shelby,Ohio
ohsd,Union,Ohio
ohsd,Vinton,Ohio
ohsd,Warren,Ohio
ohsd,Washington,Ohio
oked,Adair,Oklahoma
oked,Atoka,Oklahoma
oked,Bryan,Oklahoma
oked,Carter,Oklahoma
oked,Cherokee,Oklahoma
oked,Choctaw,Oklahoma
oked,Coal,Oklahoma
oked,Haskell,Oklahoma
oked,Hughes,Oklahoma
oked,Johnston,Oklahoma
oked,Latimer,Oklahoma
oked,Le Flore,Oklahoma
oked,Love,Oklahoma
oked,Marshall,Oklahoma
oked,McCurtain,Oklahoma
oked,McIntosh,Oklahoma
oked,Murray,Oklahoma
oked,Muskogee,Oklahoma
oked,Okfuskee,Oklahoma
oked,Okmulgee,Oklahoma
oked,Pittsburg,Oklahoma
oked,Pontotoc,Oklahoma
oked,Pushmataha,Oklahoma
oked,Seminole,Oklahoma
oked,Sequoyah,Oklahoma
oked,Wagoner,Oklahoma
oknd,Craig,Oklahoma
oknd,Creek,Oklahoma
oknd,Delaware,Oklahoma
oknd,Mayes,Oklahoma
oknd,Nowata,Oklahoma
oknd,Osage,Oklahoma
oknd,Ottawa,Oklahoma
oknd,Pawnee,Oklahoma
oknd,Rogers,Oklahoma
oknd,Tulsa,Oklahoma
oknd,Washington,Oklahoma
okwd,Alfalfa,Oklahoma
okwd,Beaver,Oklahoma
okwd,Beckham,Oklahoma
okwd,Blaine,Oklahoma
okwd,Caddo,Oklahoma
okwd,Canadian,Oklahoma
okwd,Cimarron,Oklahoma
okwd,Cleveland,Oklahoma
okwd,Comanche,Oklahoma
okwd,Cotton,Oklahoma
okwd,Custer,Oklahoma
okwd,Dewey,Oklahoma
okwd,Ellis,Oklahoma
okwd,Garfield,Oklahoma
okwd,Garvin,Oklahoma
okwd,Grady,Oklahoma
okwd,Grant,Oklahoma
okwd,Greer,Oklahoma
okwd,Harmon,Oklahoma
okwd,Harper,Oklahoma
okwd,Jackson,Oklahoma
okwd,Jefferson,Oklahoma
okwd,Kay,Oklahoma
okwd,Kingfisher,Oklahoma
okwd,Kiowa,Oklahoma
okwd,Lincoln,Oklahoma
okwd,Logan,Oklahoma
okwd,Major,Oklahoma
okwd,McClain,Oklahoma
okwd,Noble,Oklahoma
okwd,Oklahoma,Oklahoma
okwd,Payne,Oklahoma
okwd,Pottawatomie,Oklahoma
okwd,Roger Mills,Oklahoma
okwd,Stephens,Oklahoma
okwd,Texas,Oklahoma
okwd,Tillman,Oklahoma
okwd,Washita,Oklahoma
okwd,Woods,Oklahoma
okwd,Woodward,Oklahoma
ord,Baker,Oregon
ord,Benton,Oregon
ord,Clackamas,Oregon
ord,Clatsop,Oregon
ord,Columbia,Oregon
ord,Coos,Oregon
ord,Crook,Oregon
ord,Curry,Oregon
ord,Deschutes,Oregon
ord,Douglas,Oregon
ord,Gilliam,Oregon
ord,Grant,Oregon
ord,Harney,Oregon
ord,Hood River,Oregon
ord,Jackson,Oregon
ord,Jefferson,Oregon
ord,Josephine,Oregon
ord,Klamath,Oregon
ord,Lake,Oregon
ord,Lane,Oregon
ord,Lincoln,Oregon
ord,Linn,Oregon
ord,Malheur,Oregon
ord,Marion,Oregon
ord,Morrow,Oregon
ord,Multnomah,Oregon
ord,Polk,Oregon
ord,Sherman,Oregon
ord,Tillamook,Oregon
ord,Umatilla,Oregon
ord,Union,Oregon
ord,Wallowa,Oregon
ord,Wasco,Oregon
ord,Washington,Oregon
ord,Wheeler,Oregon
ord,Yamhill,Oregon
paed,Berks,Pennsylvania
paed,Bucks,Pennsylvania
paed,Chester,Pennsylvania
paed,Delaware,Pennsylvania
paed,Lancaster,Pennsylvania
paed,Lehigh,Pennsylvania
paed,Montgomery,Pennsylvania
paed,Northampton,Pennsylvania
paed,Philadelphia,Pennsylvania
pamd,Adams,Pennsylvania
pamd,Bradford,Pennsylvania
pamd,Cameron,Pennsylvania
pamd,Carbon,Pennsylvania
pamd,Centre,Pennsylvania
pamd,Clinton,Pennsylvania
pamd,Columbia,Pennsylvania
pamd,Cumberland,Pennsylvania
pamd,Dauphin,Pennsylvania
pamd,Franklin,Pennsylvania
pamd,Fulton,Pennsylvania
pamd,Huntingdon,Pennsylvania
pamd,Juniata,Pennsylvania
pamd,Lackawanna,Pennsylvania
pamd,Lebanon,Pennsylvania
pamd,Luzerne,Pennsylvania
pamd,Lycoming,Pennsylvania
pamd,Mifflin,Pennsylvania
pamd,Monroe,Pennsylvania
pamd,Montour,Pennsylvania
pamd,Northumberland,Pennsylvania
pamd,Perry,Pennsylvania
pamd,Pike,Pennsylvania
pamd,Potter,Pennsylvania
pamd,Schuylkill,Pennsylvania
pamd,Snyder,Pennsylvania
pamd,Sullivan,Pennsylvania
pamd,Susquehanna,Pennsylvania
pamd,Tioga,Pennsylvania
pamd,Union,Pennsylvania
pamd,Wayne,Pennsylvania
pamd,Wyoming,Pennsylvania
pamd,York,Pennsylvania
pawd,Allegheny,Pennsylvania
pawd,Armstrong,Pennsylvania
pawd,Beaver,Pennsylvania
pawd,Bedford,Pennsylvania
pawd,Blair,Pennsylvania
pawd,Butler,Pennsylvania
pawd,Cambria,Pennsylvania
pawd,Clarion,Pennsylvania
pawd,Clearfield,Pennsylvania
pawd,Crawford,Pennsylvania
pawd,Elk,Pennsylvania
pawd,Erie,Pennsylvania
pawd,Fayette,Pennsylvania
pawd,Forest,Pennsylvania
pawd,Greene,Pennsylvania
pawd,Indiana,Pennsylvania
pawd,Jefferson,Pennsylvania
pawd,Lawrence,Pennsylvania
pawd,McKean,Pennsylvania
pawd,Mercer,Pennsylvania
pawd,Somerset,Pennsylvania
pawd,Venango,Pennsylvania
pawd,Warren,Pennsylvania
pawd,Washington,Pennsylvania
pawd,Westmoreland,Pennsylvania
prd,Guaynabo,Puerto Rico
prd,Ponce,Puerto Rico
prd,San Juan,Puerto Rico
rid,Bristol,Rhode Island
rid,Kent,Rhode Island
rid,Newport,Rhode Island
rid,Providence,Rhode Island
rid,Washington,Rhode Island
scd,Abbeville,South Carolina
scd,Aiken,South Carolina
scd,Allendale,South Carolina
scd,Anderson,South Carolina
scd,Bamberg,South Carolina
scd,Barnwell,South Carolina
scd,Beaufort,South Carolina
scd,Berkeley,South Carolina
scd,Calhoun,South Carolina
scd,Charleston,South Carolina
scd,Cherokee,South Carolina
scd,Chester,South Carolina
scd,Chesterfield,South Carolina
scd,Clarendon,South Carolina
scd,Colleton,South Carolina
scd,Darlington,South Carolina
scd,Dillon,South Carolina
scd,Dorchester,South Carolina
scd,Edgefield,South Carolina
scd,Fairfield,South Carolina
scd,Florence,South Carolina
scd,Georgetown,South Carolina
scd,Greenville,South Carolina
scd,Greenwood,South Carolina
scd,Hampton,South Carolina
scd,Horry,South Carolina
scd,Jasper,South Carolina
scd,Kershaw,South Carolina
scd,Lancaster,South Carolina
scd,Laurens,South Carolina
scd,Lee,South Carolina
scd,Lexington,South Carolina
scd,Marion,South Carolina
scd,Marlboro,South Carolina
scd,McCormick,South Carolina
scd,Newberry,South Carolina
scd,Oconee,South Carolina
scd,Orangeburg,South Carolina
scd,Pickens,South Carolina
scd,Richland,South Carolina
scd,Saluda,South Carolina
scd,Spartanburg,South Carolina
scd,Sumter,South Carolina
scd,Union,South Carolina
scd,Williamsburg,South Carolina
scd,York,South Carolina
sdd,Aurora,South Dakota
sdd,Beadle,South Dakota
sdd,Bennett,South Dakota
sdd,Bon Homme,South Dakota
sdd,Brookings,South Dakota
sdd,Brown,South Dakota
sdd,Brule,South Dakota
sdd,Buffalo,South Dakota
sdd,Butte,South Dakota
sdd,Campbell,South Dakota
sdd,Charles Mix,South Dakota
sdd,Clark,South Dakota
sdd,Clay,South Dakota
sdd,Codington,South Dakota
sdd,Corson,South Dakota
sdd,Custer,South Dakota
sdd,Davison,South Dakota
sdd,Day,South Dakota
sdd,Deuel,South Dakota
sdd,Dewey,South Dakota
sdd,Douglas,South Dakota
sdd,Edmunds,South Dakota
sdd,Fall River,South Dakota
sdd,Faulk,South Dakota
sdd,Grant,South Dakota
sdd,Gregory,South Dakota
sdd,Haakon,South Dakota
sdd,Hamlin,South Dakota
sdd,Hand,South Dakota
sdd,Hanson,South Dakota
sdd,Harding,South Dakota
sdd,Hughes,South Dakota
sdd,Hutchinson,South Dakota
sdd,Hyde,South Dakota
sdd,Jackson,South Dakota
sdd,Jerauld,South Dakota
sdd,Jones,South Dakota
sdd,Kingsbury,South Dakota
sdd,Lake,South Dakota
sdd,Lawrence,South Dakota
sdd,Lincoln,South Dakota
sdd,Lyman,South Dakota
sdd,Marshall,South Dakota
sdd,McCook,South Dakota
sdd,McPherson,South Dakota
sdd,Meade,South Dakota
sdd,Mellette,South Dakota
sdd,Miner,South Dakota
sdd,Minnehaha,South Dakota
sdd,Moody,South Dakota
sdd,Pennington,South Dakota
sdd,Perkins,South Dakota
sdd,Potter,South Dakota
sdd,Roberts,South Dakota
sdd,Sanborn,South Dakota
sdd,Shannon,South Dakota
sdd,Spink,South Dakota
sdd,Stanley,South Dakota
sdd,Sully,South Dakota
sdd,Todd,South Dakota
sdd,Tripp,South Dakota
sdd,Turner,South Dakota
sdd,Union,South Dakota
sdd,Walworth,South Dakota
sdd,Yankton,South Dakota
sdd,Ziebach,South Dakota
tned,Anderson,Tennessee
tned,Bedford,Tennessee
tned,Bledsoe,Tennessee
tned,Blount,Tennessee
tned,Bradley,Tennessee
tned,Campbell,Tennessee
tned,Carter,Tennessee
tned,Claiborne,Tennessee
tned,Cocke,Tennessee
tned,Coffee,Tennessee
tned,Franklin,Tennessee
tned,Grainger,Tennessee
tned,Greene,Tennessee
tned,Grundy,Tennessee
tned,Hamblen,Tennessee
tned,Hamilton,Tennessee
tned,Hancock,Tennessee
tned,Hawkins,Tennessee
tned,Jefferson,Tennessee
tned,Johnson,Tennessee
tned,Knox,Tennessee
tned,Lincoln,Tennessee
tned,Loudon,Tennessee
tned,Marion,Tennessee
tned,McMinn,Tennessee
tned,Meigs,Tennessee
tned,Monroe,Tennessee
tned,Moore,Tennessee
tned,Morgan,Tennessee
tned,Polk,Tennessee
tned,Rhea,Tennessee
tned,Roane,Tennessee
tned,Scott,Tennessee
tned,Sequatchie,Tennessee
tned,Sevier,Tennessee
tned,Sullivan,Tennessee
tned,Unicoi,Tennessee
tned,Union,Tennessee
tned,Van Buren,Tennessee
tned,Warren,Tennessee
tned,Washington,Tennessee
tnmd,Cannon,Tennessee
tnmd,Cheatham,Tennessee
tnmd,Clay,Tennessee
tnmd,Cumberland,Tennessee
tnmd,Davidson,Tennessee
tnmd,DeKalb,Tennessee
tnmd,Dickson,Tennessee
tnmd,Fentress,Tennessee
tnmd,Giles,Tennessee
tnmd,Hickman,Tennessee
tnmd,Houston,Tennessee
tnmd,Humphreys,Tennessee
tnmd,Jackson,Tennessee
tnmd,Lawrence,Tennessee
tnmd,Lewis,Tennessee
tnmd,Macon,Tennessee
tnmd,Marshall,Tennessee
tnmd,Maury,Tennessee
tnmd,Montgomery,Tennessee
tnmd,Overton,Tennessee
tnmd,Pickett,Tennessee
tnmd,Putnam,Tennessee
tnmd,Robertson,Tennessee
tnmd,Rutherford,Tennessee
tnmd,Smith,Tennessee
tnmd,Stewart,Tennessee
tnmd,Sumner,Tennessee
tnmd,Trousdale,Tennessee
tnmd,Wayne,Tennessee
tnmd,White,Tennessee
tnmd,Williamson,Tennessee
tnmd,Wilson,Tennessee
tnwd,Benton,Tennessee
tnwd,Carroll,Tennessee
tnwd,Chester,Tennessee
tnwd,Crockett,Tennessee
tnwd,Decatur,Tennessee
tnwd,Dyer,Tennessee
tnwd,Fayette,Tennessee
tnwd,Gibson,Tennessee
tnwd,Hardeman,Tennessee
tnwd,Hardin,Tennessee
tnwd,Haywood,Tennessee
tnwd,Henderson,Tennessee
tnwd,Henry,Tennessee
tnwd,Lake,Tennessee
tnwd,Lauderdale,Tennessee
tnwd,Madison,Tennessee
tnwd,McNairy,Tennessee
tnwd,Obion,Tennessee
tnwd,Perry,Tennessee
tnwd,Shelby,Tennessee
tnwd,Tipton,Tennessee
tnwd,Weakley,Tennessee
txed,Anderson,Texas
txed,Angelina,Texas
txed,Bowie,Texas
txed,Camp,Texas
txed,Cass,Texas
txed,Cherokee,Texas
txed,Collin,Texas
txed,Cooke,Texas
txed,Delta,Texas
txed,Denton,Texas
txed,Fannin,Texas
txed,Franklin,Texas
txed,Grayson,Texas
txed,Gregg,Texas
txed,Hardin,Texas
txed,Harrison,Texas
txed,Henderson,Texas
txed,Hopkins,Texas
txed,Houston,Texas
txed,Jasper,Texas
txed,Jefferson,Texas
txed,Lamar,Texas
txed,Liberty,Texas
txed,Marion,Texas
txed,Morris,Texas
txed,Nacogdoches,Texas
txed,Newton,Texas
txed,Orange,Texas
txed,Panola,Texas
txed,Polk,Texas
txed,Rains,Texas
txed,Red River,Texas
txed,Rusk,Texas
txed,Sabine,Texas
txed,San Augustine,Texas
txed,Shelby,Texas
txed,Smith,Texas
txed,Titus,Texas
txed,Trinity,Texas
txed,Tyler,Texas
txed,Upshur,Texas
txed,Van Zandt,Texas
txed,Wood,Texas
txnd,Archer,Texas
txnd,Armstrong,Texas
txnd,Bailey,Texas
txnd,Baylor,Texas
txnd,Borden,Texas
txnd,Briscoe,Texas
txnd,Brown,Texas
txnd,Callahan,Texas
txnd,Carson,Texas
txnd,Castro,Texas
txnd,Childress,Texas
txnd,Clay,Texas
txnd,Cochran,Texas
txnd,Coke,Texas
txnd,Coleman,Texas
txnd,Collingsworth,Texas
txnd,Comanche,Texas
txnd,Concho,Texas
txnd,Cottle,Texas
txnd,Crockett,Texas
txnd,Crosby,Texas
txnd,Dallam,Texas
txnd,Dallas,Texas
txnd,Dawson,Texas
txnd,Deaf Smith,Texas
txnd,Dickens,Texas
txnd,Donley,Texas
txnd,Eastland,Texas
txnd,Ellis,Texas
txnd,Erath,Texas
txnd,Fisher,Texas
txnd,Floyd,Texas
txnd,Foard,Texas
txnd,Gaines,Texas
txnd,Garza,Texas
txnd,Glasscock,Texas
txnd,Gray,Texas
txnd,Hale,Texas
txnd,Hall,Texas
txnd,Hansford,Texas
txnd,Hardeman,Texas
txnd,Hartley,Texas
txnd,Haskell,Texas
txnd,Hemphill,Texas
txnd,Hockley,Texas
txnd,Hood,Texas
txnd,Howard,Texas
txnd,Hunt,Texas
txnd,Hutchinson,Texas
txnd,Irion,Texas
txnd,Jack,Texas
txnd,Johnson,Texas
txnd,Jones,Texas
txnd,Kaufman,Texas
txnd,Kent,Texas
txnd,King,Texas
txnd,Knox,Texas
txnd,Lamb,Texas
txnd,Lipscomb,Texas
txnd,Lubbock,Texas
txnd,Lynn,Texas
txnd,Menard,Texas
txnd,Mills,Texas
txnd,Mitchell,Texas
txnd,Montague,Texas
txnd,Moore,Texas
txnd,Motley,Texas
txnd,Navarro,Texas
txnd,Nolan,Texas
txnd,Ochiltree,Texas
txnd,Oldham,Texas
txnd,Palo Pinto,Texas
txnd,Parker,Texas
txnd,Parmer,Texas
txnd,Potter,Texas
txnd,Randall,Texas
txnd,Reagan,Texas
txnd,Roberts,Texas
txnd,Rockwall,Texas
txnd,Runnels,Texas
txnd,Schleicher,Texas
txnd,Scurry,Texas
txnd,Shackelford,Texas
txnd,Sherman,Texas
txnd,Stephens,Texas
txnd,Sterling,Texas
txnd,Stonewall,Texas
txnd,Sutton,Texas
txnd,Swisher,Texas
txnd,Tarrant,Texas
txnd,Taylor,Texas
txnd,Terry,Texas
txnd,Throckmorton,Texas
txnd,Tom Green,Texas
txnd,Wheeler,Texas
txnd,Wichita,Texas
txnd,Wilbarger,Texas
txnd,Wise,Texas
txnd,Yoakum,Texas
txnd,Young,Texas
txwd,Andrews,Texas
txwd,Atascosa,Texas
txwd,Bandera,Texas
txwd,Bastrop,Texas
txwd,Bell,Texas
txwd,Bexar,Texas
txwd,Blanco,Texas
txwd,Bosque,Texas
txwd,Brewster,Texas
txwd,Burleson,Texas
txwd,Burnet,Texas
txwd,Caldwell,Texas
txwd,Comal,Texas
txwd,Coryell,Texas
txwd,Crane,Texas
txwd,Culberson,Texas
txwd,Dimmit,Texas
txwd,Ector,Texas
txwd,Edwards,Texas
txwd,El Paso,Texas
txwd,Falls,Texas
txwd,Freestone,Texas
txwd,Frio,Texas
txwd,Gillespie,Texas
txwd,Gonzales,Texas
txwd,Guadalupe,Texas
txwd,Hamilton,Texas
txwd,Hays,Texas
txwd,Hill,Texas
txwd,Hudspeth,Texas
txwd,Jeff Davis,Texas
txwd,Karnes,Texas
txwd,Kendall,Texas
txwd,Kerr,Texas
txwd,Kimble,Texas
txwd,Kinney,Texas
txwd,Lampasas,Texas
txwd,Lee,Texas
txwd,Leon,Texas
txwd,Limestone,Texas
txwd,Llano,Texas
txwd,Loving,Texas
txwd,Martin,Texas
txwd,Mason,Texas
txwd,Maverick,Texas
txwd,McCulloch,Texas
txwd,McLennan,Texas
txwd,Medina,Texas
txwd,Midland,Texas
txwd,Milam,Texas
txwd,Pecos,Texas
txwd,Presidio,Texas
txwd,Real,Texas
txwd,Reeves,Texas
txwd,Robertson,Texas
txwd,San Saba,Texas
txwd,Somervell,Texas
txwd,Terrell,Texas
txwd,Travis,Texas
txwd,Upton,Texas
txwd,Uvalde,Texas
txwd,Val Verde,Texas
txwd,Ward,Texas
txwd,Washington,Texas
txwd,Williamson,Texas
txwd,Wilson,Texas
txwd,Winkler,Texas
txwd,Zavala,Texas
utd,Beaver,Utah
utd,Box Elder,Utah
utd,Cache,Utah
utd,Carbon,Utah
utd,Daggett,Utah
utd,Davis,Utah
utd,Duchesne,Utah
utd,Emery,Utah
utd,Garfield,Utah
utd,Grand,Utah
utd,Iron,Utah
utd,Juab,Utah
utd,Kane,Utah
utd,Millard,Utah
utd,Morgan,Utah
utd,Piute,Utah
utd,Rich,Utah
utd,Salt Lake,Utah
utd,San Juan,Utah
utd,Sanpete,Utah
utd,Sevier,Utah
utd,Summit,Utah
utd,Tooele,Utah
utd,Uintah,Utah
utd,Utah,Utah
utd,Wasatch,Utah
utd,Washington,Utah
utd,Wayne,Utah
utd,Weber,Utah
vtd,Addison,Vermont
vtd,Bennington,Vermont
vtd,Caledonia,Vermont
vtd,Chittenden,Vermont
vtd,Essex,Vermont
vtd,Franklin,Vermont
vtd,Grand Isle,Vermont
vtd,Lamoille,Vermont
vtd,Orange,Vermont
vtd,Orleans,Vermont
vtd,Rutland,Vermont
vtd,Washington,Vermont
vtd,Windham,Vermont
vtd,Windsor,Vermont
vid,St. Croix,Virgin Islands
vid,St. Thomas,Virgin Islands
vaed,Accomack,Virginia
vaed,Alexandria City,Virginia
vaed,Amelia,Virginia
vaed,Arlington,Virginia
vaed,Brunswick,Virginia
vaed,Caroline,Virginia
vaed,Charles City,Virginia
vaed,Chesapeake City,Virginia
vaed,Chesterfield,Virginia
vaed,Colonial Heights City,Virginia
vaed,Dinwiddie,Virginia
vaed,Emporia City,Virginia
vaed,Essex,Virginia
vaed,Fairfax,Virginia
vaed,Fairfax City,Virginia
vaed,Falls Church City,Virginia
vaed,Fauquier,Virginia
vaed,Franklin City,Virginia
vaed,Fredericksburg City,Virginia
vaed,Gloucester,Virginia
vaed,Goochland,Virginia
vaed,Greensville,Virginia
vaed,Hampton City,Virginia
vaed,Hanover,Virginia
vaed,Henrico,Virginia
vaed,Hopewell City,Virginia
vaed,Isle of Wight,Virginia
vaed,James City,Virginia
vaed,King and Queen,Virginia
vaed,King George,Virginia
vaed,King William,Virginia
vaed,Lancaster,Virginia
vaed,Loudoun,Virginia
vaed,Lunenburg,Virginia
vaed,Manassas City,Virginia
vaed,Manassas Park City,Virginia
vaed,Mathews,Virginia
vaed,Mecklenburg,Virginia
vaed,Middlesex,Virginia
vaed,New Kent,Virginia
vaed,Newport News City,Virginia
vaed,Norfolk City,Virginia
vaed,Northampton,Virginia
vaed,Northumberland,Virginia
vaed,Nottoway,Virginia
vaed,Petersburg City,Virginia
vaed,Poquoson City,Virginia
vaed,Portsmouth City,Virginia
vaed,Powhatan,Virginia
vaed,Prince Edward,Virginia
vaed,Prince George,Virginia
vaed,Prince William,Virginia
vaed,Richmond,Virginia
vaed,Richmond City,Virginia
vaed,Southampton,Virginia
vaed,Spotsylvania,Virginia
vaed,Stafford,Virginia
vaed,Suffolk City,Virginia
vaed,Surry,Virginia
vaed,Sussex,Virginia
vaed,Virginia Beach City,Virginia
vaed,Westmoreland,Virginia
vaed,Williamsburg City,Virginia
vaed,York,Virginia
vawd,Albemarle,Virginia
vawd,Alleghany,Virginia
vawd,Amherst,Virginia
vawd,Appomattox,Virginia
vawd,Augusta,Virginia
vawd,Bath,Virginia
vawd,Bedford,Virginia
vawd,Bedford City,Virginia
vawd,Bland,Virginia
vawd,Botetourt,Virginia
vawd,Bristol City,Virginia
vawd,Buchanan,Virginia
vawd,Buckingham,Virginia
vawd,Buena Vista City,Virginia
vawd,Campbell,Virginia
vawd,Carroll,Virginia
vawd,Charlotte,Virginia
vawd,Charlottesville City,Virginia
vawd,Clarke,Virginia
vawd,Clifton Forge City,Virginia
vawd,Covington City,Virginia
vawd,Craig,Virginia
vawd,Culpeper,Virginia
vawd,Cumberland,Virginia
vawd,Danville City,Virginia
vawd,Dickenson,Virginia
vawd,Floyd,Virginia
vawd,Fluvanna,Virginia
vawd,Franklin,Virginia
vawd,Frederick,Virginia
vawd,Galax City,Virginia
vawd,Giles,Virginia
vawd,Grayson,Virginia
vawd,Greene,Virginia
vawd,Halifax,Virginia
vawd,Harrisonburg City,Virginia
vawd,Henry,Virginia
vawd,Highland,Virginia
vawd,Lee,Virginia
vawd,Lexington City,Virginia
vawd,Louisa,Virginia
vawd,Lynchburg City,Virginia
vawd,Madison,Virginia
vawd,Martinsville City,Virginia
vawd,Montgomery,Virginia
vawd,Nelson,Virginia
vawd,Norton City,Virginia
vawd,Orange,Virginia
vawd,Page,Virginia
vawd,Patrick,Virginia
vawd,Pittsylvania,Virginia
vawd,Pulaski,Virginia
vawd,Radford City,Virginia
vawd,Rappahannock,Virginia
vawd,Roanoke,Virginia
vawd,Roanoke City,Virginia
vawd,Rockbridge,Virginia
vawd,Rockingham,Virginia
vawd,Russell,Virginia
vawd,Salem City,Virginia
vawd,Scott,Virginia
vawd,Shenandoah,Virginia
vawd,Smyth,Virginia
vawd,Staunton City,Virginia
vawd,Tazewell,Virginia
vawd,Warren,Virginia
vawd,Washington,Virginia
vawd,Waynesboro City,Virginia
vawd,Winchester City,Virginia
vawd,Wise,Virginia
vawd,Wythe,Virginia
waed,Adams,Washington
waed,Asotin,Washington
waed,Benton,Washington
waed,Chelan,Washington
waed,Columbia,Washington
waed,Douglas,Washington
waed,Ferry,Washington
waed,Franklin,Washington
waed,Garfield,Washington
waed,Grant,Washington
waed,Kittitas,Washington
waed,Klickitat,Washington
waed,Lincoln,Washington
waed,Okanogan,Washington
waed,Pend Oreille,Washington
waed,Spokane,Washington
waed,Stevens,Washington
waed,Walla Walla,Washington
waed,Whitman,Washington
waed,Yakima,Washington
wawd,Clallam,Washington
wawd,Clark,Washington
wawd,Cowlitz,Washington
wawd,Grays Harbor,Washington
wawd,Island,Washington
wawd,Jefferson,Washington
wawd,King,Washington
wawd,Kitsap,Washington
wawd,Lewis,Washington
wawd,Mason,Washington
wawd,Pacific,Washington
wawd,Pierce,Washington
wawd,San Juan,Washington
wawd,Skagit,Washington
wawd,Skamania,Washington
wawd,Snohomish,Washington
wawd,Thurston,Washington
wawd,Wahkiakum,Washington
wawd,Whatcom,Washington
wvnd,Barbour,West Virginia
wvnd,Berkeley,West Virginia
wvnd,Braxton,West Virginia
wvnd,Brooke,West Virginia
wvnd,Calhoun,West Virginia
wvnd,Doddridge,West Virginia
wvnd,Gilmer,West Virginia
wvnd,Grant,West Virginia
wvnd,Hampshire,West Virginia
wvnd,Hancock,West Virginia
wvnd,Hardy,West Virginia
wvnd,Harrison,West Virginia
wvnd,Jefferson,West Virginia
wvnd,Lewis,West Virginia
wvnd,Marion,West Virginia
wvnd,Marshall,West Virginia
wvnd,Mineral,West Virginia
wvnd,Monongalia,West Virginia
wvnd,Morgan,West Virginia
wvnd,Ohio,West Virginia
wvnd,Pendleton,West Virginia
wvnd,Pleasants,West Virginia
wvnd,Pocahontas,West Virginia
wvnd,Preston,West Virginia
wvnd,Randolph,West Virginia
wvnd,Ritchie,West Virginia
wvnd,Taylor,West Virginia
wvnd,Tucker,West Virginia
wvnd,Tyler,West Virginia
wvnd,Upshur,West Virginia
wvnd,Webster,West Virginia
wvnd,Wetzel,West Virginia
wvsd,Boone,West Virginia
wvsd,Cabell,West Virginia
wvsd,Clay,West Virginia
wvsd,Fayette,West Virginia
wvsd,Greenbrier,West Virginia
wvsd,Jackson,West Virginia
wvsd,Kanawha,West Virginia
wvsd,Lincoln,West Virginia
wvsd,Logan,West Virginia
wvsd,Mason,West Virginia
wvsd,McDowell,West Virginia
wvsd,Mercer,West Virginia
wvsd,Mingo,West Virginia
wvsd,Monroe,West Virginia
wvsd,Nicholas,West Virginia
wvsd,Putnam,West Virginia
wvsd,Raleigh,West Virginia
wvsd,Roane,West Virginia
wvsd,Summers,West Virginia
wvsd,Wayne,West Virginia
wvsd,Wirt,West Virginia
wvsd,Wood,West Virginia
wvsd,Wyoming,West Virginia
wied,Brown,Wisconsin
wied,Calumet,Wisconsin
wied,Dodge,Wisconsin
wied,Door,Wisconsin
wied,Florence,Wisconsin
wied,Fond du Lac,Wisconsin
wied,Forest,Wisconsin
wied,Green Lake,Wisconsin
wied,Kenosha,Wisconsin
wied,Kewaunee,Wisconsin
wied,Langlade,Wisconsin
wied,Manitowoc,Wisconsin
wied,Marinette,Wisconsin
wied,Marquette,Wisconsin
wied,Menominee,Wisconsin
wied,Milwaukee,Wisconsin
wied,Oconto,Wisconsin
wied,Outagamie,Wisconsin
wied,Ozaukee,Wisconsin
wied,Racine,Wisconsin
wied,Shawano,Wisconsin
wied,Sheboygan,Wisconsin
wied,Walworth,Wisconsin
wied,Washington,Wisconsin
wied,Waukesha,Wisconsin
wied,Waupaca,Wisconsin
wied,Waushara,Wisconsin
wied,Winnebago,Wisconsin
wiwd,Adams,Wisconsin
wiwd,Ashland,Wisconsin
wiwd,Barron,Wisconsin
wiwd,Bayfield,Wisconsin
wiwd,Buffalo,Wisconsin
wiwd,Burnett,Wisconsin
wiwd,Chippewa,Wisconsin
wiwd,Clark,Wisconsin
wiwd,Columbia,Wisconsin
wiwd,Crawford,Wisconsin
wiwd,Dane,Wisconsin
wiwd,Douglas,Wisconsin
wiwd,Dunn,Wisconsin
wiwd,Eau Claire,Wisconsin
wiwd,Grant,Wisconsin
wiwd,Green,Wisconsin
wiwd,Iowa,Wisconsin
wiwd,Iron,Wisconsin
wiwd,Jackson,Wisconsin
wiwd,Jefferson,Wisconsin
wiwd,Juneau,Wisconsin
wiwd,La Crosse,Wisconsin
wiwd,Lafayette,Wisconsin
wiwd,Lincoln,Wisconsin
wiwd,Marathon,Wisconsin
wiwd,Monroe,Wisconsin
wiwd,Oneida,Wisconsin
wiwd,Pepin,Wisconsin
wiwd,Pierce,Wisconsin
wiwd,Polk,Wisconsin
wiwd,Portage,Wisconsin
wiwd,Price,Wisconsin
wiwd,Richland,Wisconsin
wiwd,Rock,Wisconsin
wiwd,Rusk,Wisconsin
wiwd,Sauk,Wisconsin
wiwd,Sawyer,Wisconsin
wiwd,St. Croix,Wisconsin
wiwd,Taylor,Wisconsin
wiwd,Trempealeau,Wisconsin
wiwd,Vernon,Wisconsin
wiwd,Vilas,Wisconsin
wiwd,Washburn,Wisconsin
wiwd,Wood,Wisconsin
wyd,Albany,Wyoming
wyd,Big Horn,Wyoming
wyd,Campbell,Wyoming
wyd,Carbon,Wyoming
wyd,Converse,Wyoming
wyd,Crook,Wyoming
wyd,Fremont,Wyoming
wyd,Goshen,Wyoming
wyd,Hot Springs,Wyoming
wyd,Johnson,Wyoming
wyd,Laramie,Wyoming
wyd,Lincoln,Wyoming
wyd,Natrona,Wyoming
wyd,Niobrara,Wyoming
wyd,Park,Wyoming
wyd,Platte,Wyoming
wyd,Sheridan,Wyoming
wyd,Sublette,Wyoming
wyd,Sweetwater,Wyoming
wyd,Teton,Wyoming
wyd,Uinta,Wyoming
wyd,Washakie,Wyoming
wyd,Weston,Wyoming
